--INSERT DATA INTO TABLE EMPLOYEE:
INSERT INTO EMPLOYEE VALUES ('1', 'Kai Liang', 'supervisor', '10000', '102323059576');
INSERT INTO EMPLOYEE VALUES ('2', 'Nurul', 'cashier', '8000', '102323059577');
INSERT INTO EMPLOYEE VALUES ('3', 'Hani', 'cashier', '7000', '102323059578');
INSERT INTO EMPLOYEE VALUES ('4', 'Yee Taung', 'shopkeeper', '6000', '102323059579');
INSERT INTO EMPLOYEE VALUES ('5', 'Jing Shan', 'shopkeeper', '5000', '102423059576');
INSERT INTO EMPLOYEE VALUES ('6', 'Michael', 'shopkeeper', '4000', '102423059577');
select * from employee;

--INSERT DATA INTO TABLE WORK_TIME:
INSERT INTO WORK_TIME VALUES (DATE '2022-06-17', '1', TIMESTAMP '2022-06-17 8:14:14', TIMESTAMP '2022-06-17 17:15:14');
INSERT INTO WORK_TIME VALUES (DATE '2022-06-17', '2', TIMESTAMP '2022-06-17 8:14:18', TIMESTAMP '2022-06-17 17:23:18');
INSERT INTO WORK_TIME VALUES (DATE '2022-06-17', '3', TIMESTAMP '2022-06-17 8:14:20', TIMESTAMP '2022-06-17 17:17:20');
INSERT INTO WORK_TIME VALUES (DATE '2022-06-18', '5', TIMESTAMP '2022-06-18 8:14:28', TIMESTAMP '2022-06-18 18:24:28');
INSERT INTO WORK_TIME VALUES (DATE '2022-06-18', '6', TIMESTAMP '2022-06-18 8:14:34', TIMESTAMP '2022-06-18 18:14:34');
INSERT INTO WORK_TIME VALUES (DATE '2022-06-18', '3', TIMESTAMP '2022-06-18 8:14:38', TIMESTAMP '2022-06-18 17:44:38');
INSERT INTO WORK_TIME VALUES (DATE '2022-06-19', '3', TIMESTAMP '2022-06-19 8:14:38', TIMESTAMP '2022-06-19 17:44:38');
INSERT INTO WORK_TIME VALUES (DATE '2022-06-19', '6', TIMESTAMP '2022-06-19 8:13:08', TIMESTAMP '2022-06-19 17:46:23');
select * from work_time;

--INSERT DATA INTO TABLE SUPPLIER_CONTRACT:
INSERT INTO SUPPLIER_CONTRACT VALUES ('1111', 'Mango', DATE '2021-05-11', DATE '2023-05-11');
INSERT INTO SUPPLIER_CONTRACT VALUES ('1112', 'Banana', DATE '2021-05-11', DATE '2023-05-11');
INSERT INTO SUPPLIER_CONTRACT VALUES ('1113', 'Tissue paper', DATE '2021-06-11', DATE '2023-06-11');
INSERT INTO SUPPLIER_CONTRACT VALUES ('1114', 'Egg', DATE '2021-06-11', DATE '2023-06-11');
INSERT INTO SUPPLIER_CONTRACT VALUES ('1115', 'Ice cream', DATE '2021-06-11', DATE '2023-06-11');
INSERT INTO SUPPLIER_CONTRACT VALUES ('1116', 'A4 paper', DATE '2021-06-11', DATE '2023-06-11');
select * from supplier_contract;

--INSERT DATA INTO TABLE PERSON_IN_CHARGE:
INSERT INTO PERSON_IN_CHARGE VALUES (60137706650, 'Boon', 'Pin');
INSERT INTO PERSON_IN_CHARGE VALUES (60137706651, 'Hazni', 'Awang');
INSERT INTO PERSON_IN_CHARGE VALUES (60137706652, 'Leong', 'Chun');
INSERT INTO PERSON_IN_CHARGE VALUES (60137706653, 'Jing', 'Chun');
INSERT INTO PERSON_IN_CHARGE VALUES (60137706654, 'Fook', 'Pei');
INSERT INTO PERSON_IN_CHARGE VALUES (60137706655, 'Pei', 'Yi');
select * from person_in_charge;

--INSERT DATA INTO TABLE SUPPLIER:
INSERT INTO SUPPLIER VALUES ('775', '1111', 'PNG Fruit', 'No 2,Jalan Abdullah, Taman Abdullah, 40000Klang, Selangor', 60137706650);
INSERT INTO SUPPLIER VALUES ('777', '1113', 'Tissue-tech Inc.', 'No 23,Jalan Bijak, Taman Bijak, 40000Klang, Selangor', 60137706652);
INSERT INTO SUPPLIER VALUES ('778', '1114', 'Eggland', 'No 2,Jalan Nagasari, Taman Nagasari, 40000Klang, Selangor', 60137706653);
INSERT INTO SUPPLIER VALUES ('779', '1115', 'Creamy Delights Ice', 'No 44,Jalan Putra, Taman Putra, 40000Klang, Selangor', 60137706654);
INSERT INTO SUPPLIER VALUES ('780', '1116', 'Paper Zone', 'No 21,Jalan Genuang, Taman Genuang, 40000Klang, Selangor', 60137706655);
select * from supplier;

--INSERT DATA INTO TABLE PROMOTION:
INSERT INTO PROMOTION VALUES ('1', DATE '2021-05-11', DATE '2023-05-10', 4.8);
INSERT INTO PROMOTION VALUES ('2', DATE '2021-05-11', DATE '2021-06-10', 2);
INSERT INTO PROMOTION VALUES ('3', DATE '2021-06-11', DATE '2021-07-10', 4.7);
INSERT INTO PROMOTION VALUES ('4', DATE '2021-06-11', DATE '2021-07-10', 3.9);
INSERT INTO PROMOTION VALUES ('5', DATE '2021-06-11', DATE '2021-07-10', 1.8);
INSERT INTO PROMOTION VALUES ('6', DATE '2021-06-11', DATE '2021-07-10', 8.1);
select * from promotion;

--INSERT DATA INTO TABLE PRODUCT:
INSERT INTO PRODUCT VALUES ('1775', '1', 'mango_a1', 'fruit', 5.5);
INSERT INTO PRODUCT VALUES ('1776', '2', 'banana_b1', 'fruit', 3.5);
INSERT INTO PRODUCT VALUES ('1777', '3', 'tissue_paper_g6', 'daily product', 5);
INSERT INTO PRODUCT VALUES ('1778', '4', 'egg_gradeB', 'food', 4.3);
INSERT INTO PRODUCT VALUES ('1779', '5', 'lime_icecream', 'food', 2);
INSERT INTO PRODUCT VALUES ('1780', '6', 'stationary_a4_paper', 'stationary', 10.5);
INSERT INTO PRODUCT VALUES ('1781', '6', 'stationary_a4_paper', 'stationary', 10.5);
select * from product;

--INSERT DATA INTO TABLE SUPPLIER_ORDER:
INSERT INTO SUPPLIER_ORDER VALUES ('8888', DATE '2022-04-22', '1775', '775', 200);
INSERT INTO SUPPLIER_ORDER VALUES ('8889', DATE '2022-04-22', '1776', '775', 300);
INSERT INTO SUPPLIER_ORDER VALUES ('8890', DATE '2022-04-22', '1777', '777', 700);
INSERT INTO SUPPLIER_ORDER VALUES ('8891', DATE '2022-05-22', '1778', '778', 500);
INSERT INTO SUPPLIER_ORDER VALUES ('8892', DATE '2022-05-22', '1779', '779', 800);
INSERT INTO SUPPLIER_ORDER VALUES ('8893', DATE '2022-05-22', '1780', '780', 900);
select * from supplier_order;

--INSERT DATA INTO TABLE RECEIPT_PRODUCT:
INSERT INTO RECEIPT_PRODUCT VALUES ('1', '1776', 2);
INSERT INTO RECEIPT_PRODUCT VALUES ('2', '1778', 4);
INSERT INTO RECEIPT_PRODUCT VALUES ('3', '1779', 3);
INSERT INTO RECEIPT_PRODUCT VALUES ('4', '1780', 2);
INSERT INTO RECEIPT_PRODUCT VALUES ('5', '1780', 2);
INSERT INTO RECEIPT_PRODUCT VALUES ('6', '1780', 2);
select * from receipt_product;

--INSERT DATA INTO TABLE MEMBER_TYPE:
INSERT INTO MEMBER_TYPE VALUES ('standard', 5);
INSERT INTO MEMBER_TYPE VALUES ('premium', 10);
INSERT INTO MEMBER_TYPE VALUES ('diamond', 20);
select * from member_type;

--INSERT DATA INTO TABLE PAYMENT:
INSERT INTO PAYMENT VALUES ('6400', 'cash', '59995');
INSERT INTO PAYMENT VALUES ('6401', 'cash', '59996');
INSERT INTO PAYMENT VALUES ('6402', 'cash', '59997');
INSERT INTO PAYMENT VALUES ('6403', 'e-wallet', '13444');
INSERT INTO PAYMENT VALUES ('6404', 'bank transaction', '22222');
INSERT INTO PAYMENT VALUES ('6405', 'bank transaction', '22223');
INSERT INTO PAYMENT VALUES ('6406', 'bank transaction', '22224');
select * from payment;

--INSERT DATA INTO TABLE MEMBERSHIP:
INSERT INTO MEMBERSHIP VALUES ('55', 'Joshua', 'male', 'No 27,Jalan Abdullah, Taman Abdullah, 40000Klang, Selangor', 'premium');
INSERT INTO MEMBERSHIP VALUES ('56', 'Jared', 'male', 'No 77,Jalan Abdullah, Taman Abdullah, 40000Klang, Selangor', 'diamond');
INSERT INTO MEMBERSHIP VALUES ('57', 'Thomas', 'male', 'No 43,Jalan Bijak, Taman Bijak, 40000Klang, Selangor', 'standard');
INSERT INTO MEMBERSHIP VALUES ('58', 'Karol', 'female', 'No 26,Jalan Nagasari, Taman Nagasari, 40000Klang, Selangor', 'premium');
INSERT INTO MEMBERSHIP VALUES ('59', 'Caitlyn', 'female', 'No 54,Jalan Putra, Taman Putra, 40000Klang, Selangor', 'standard');
INSERT INTO MEMBERSHIP VALUES ('60', 'John', 'male', 'No 88,Jalan Genuang, Taman Genuang, 40000Klang, Selangor', 'premium');
select * from membership;

--INSERT DATA INTO TABLE RECEIPT:
INSERT INTO RECEIPT VALUES ('757', TIMESTAMP '2022-08-22 11:14:23', '2','55', 5.5, '6400', '1');
INSERT INTO RECEIPT VALUES ('754', TIMESTAMP '2022-08-22 14:14:23', '2','55', 5.5, '6401', '2');
INSERT INTO RECEIPT VALUES ('755', TIMESTAMP '2022-08-23 08:14:23', '2','55', 7, '6402', '3');
INSERT INTO RECEIPT VALUES ('756', TIMESTAMP '2022-08-23 17:16:23', '2','55', 5, '6403', '4');
INSERT INTO RECEIPT VALUES ('758', TIMESTAMP '2022-08-24 11:13:23', '3','56', 11, '6404', '5');
INSERT INTO RECEIPT VALUES ('759', TIMESTAMP '2022-08-25 18:14:23', '3','56', 6, '6405', '6');
select * from receipt;

--INSERT DATA INTO TABLE SALES:
INSERT INTO SALES VALUES ('225', '757', DATE '2022-08-22', 34.5);
INSERT INTO SALES VALUES ('226', '754', DATE '2022-08-22', 34.5);
INSERT INTO SALES VALUES ('227', '755', DATE'2022-08-23', 34.5);
INSERT INTO SALES VALUES ('228', '756', DATE '2022-08-23', 889.5);
INSERT INTO SALES VALUES ('229', '758', DATE '2022-08-24', 889.5);
INSERT INTO SALES VALUES ('230', '759', DATE '2022-08-25', 889.5);
select * from SALES;